kdpsttbpst,kdjentbpst,nmpsttbpst,kdbiltbpst,kdgrutbpst,kdasntbpst,nomortbpst
11001,A,ILMU KEDOKTERAN,A,,A,001
11002,A,ILMU KEDOKTERAN DASAR,A,,A,
11006,A,BIOMEDIK,A,,A,
11101,B,ILMU KEDOKTERAN DASAR,A,,A,002
11102,B,ILMU KEDOKTERAN KELUARGA,A,,A,003
11103,B,ILMU KEDOKTERAN KLINIS,A,,A,004
11104,B,ILMU KEDOKTERAN TROPIS,A,,A,005
11105,B,IMUNOLOGI,A,,A,006
11106,B,BIOMEDIK,A,,A,007
11107,B,PULMONOLOGI,A,,A,
11108,B,ERGONOMI FISIOLOGI KERJA,A,,A,
11109,B,PENDIDIKAN DOKTER,A,,A,
11122,B,ILMU KESEHATAN OLAH RAGA,A,,A,
11123,B,TEKNOLOGI BIOMEDIS,A,,A,
11124,B,ILMU FORENSIK,A,,,
11201,C,PENDIDIKAN DOKTER,A,,A,034
11202,C,FISIOTERAPI,A,,A,
11301,D,FISIOTERAPI,A,,A,
11306,D,PENGOBATAN TRADISIONAL CINA,A,,A,
11401,E,FISIOTERAPI,A,,A,035
11402,E,RADIODIAGNOSTIK DAN RADIOTERAPI,A,,A,036
11403,E,OKUPASI TERAPI,A,,A,037
11404,E,REFRAKSI OPTISI,A,,A,038
11406,E,PENGOBATAN TRADISIONAL,A,,A,040
11407,E,AKUPUNKTUR,A,,A,041
11408,E,TEKNIK KARDIOVASCULER,A,,A,
11409,E,MALARIOLOGI,A,,A,
11608,G,TEKNIK TRANSFUSI DARAH,A,,A,
11701,H,ILMU PENYAKIT MATA,A,,A,008
11702,H,ILMU PENYAKIT DALAM,A,,A,009
11703,H,ILMU PENYAKIT SYARAF,A,,A,010
11704,H,ILMU PENYAKIT KULIT DAN KELAMIN,A,,A,011
11705,H,ILMU PENYAKIT THT,A,,A,012
11706,H,ILMU ANESTESI,A,,A,013
11707,H,ILMU BEDAH,A,,A,014
11708,H,ILMU KEBIDANAN DAN PENYAKIT KANDUNGAN,A,,A,015
11709,H,ILMU PENYAKIT PARU,A,,A,016
11710,H,ILMU KEDOKTERAN FORENSIK,A,,A,017
11711,H,ILMU KESEHATAN ANAK,A,,A,018
11712,H,ILMU BEDAH ORTOPAEDI,A,,A,019
11713,H,ILMU BEDAH UROLOGI,A,,A,020
11714,H,ILMU BEDAH PLASTIK,A,,A,021
11715,H,ILMU PENYAKIT JANTUNG,A,,A,022
11717,H,ILMU BEDAH ANAK,A,,A,023
11718,H,ILMU PATOLOGI ANATOMI,A,,A,024
11719,H,ILMU PATOLOGI KLINIK,A,,A,025
11720,H,ILMU KEDOKTERAN NUKLIR,A,,A,026
11721,H,ILMU KEDOKTERAN FISIK DAN REHABILITASI,A,,A,027
11722,H,ILMU KEDOKTERAN OLAHRAGA,A,,A,028
11723,H,RADIOLOGI,A,,A,029
11724,H,PSIKIATRI,A,,A,030
11725,H,MIKROBIOLOGI KLINIK,A,,A,031
11726,H,FARMAKOLOGI KLINIK,A,,A,032
11727,H,ILMU KEDOKTERAN OKUPASI,A,,A,
11728,H,ORTHOPAEDIK DAN TRAUMATOLOGI,A,,A,
11729,H,ILMU BEDAH SYARAF,A,,A,
11730,H,ILMU KEDOKTERAN KLINIS,A,,,
11731,H,BEDAH TORAK DAN KARDIOVASKULER,A,,,
11802,I,ILMU PENYAKIT DALAM,A,,A,
11901,J,PROFESI DOKTER,A,,A,033
12001,A,ILMU KEDOKTERAN GIGI,A,,A,042
12101,B,ILMU KEDOKTERAN GIGI,A,,A,043
12102,B,ILMU KEDOKTERAN GIGI DASAR,A,,A,044
12103,B,ILMU KEDOKTERAN GIGI KOMUNITAS,A,,A,045
12201,C,PENDIDIKAN DOKTER GIGI,A,,A,054
12401,E,TEKNIK GIGI,A,,A,055
12701,H,ILMU BEDAH MULUT,A,,A,046
12702,H,ILMU PENYAKIT MULUT,A,,A,047
12703,H,ILMU KONSERVASI GIGI,A,,A,048
12704,H,ILMU KESEHATAN GIGI ANAK,A,,A,049
12705,H,PERIODONSIA,A,,A,050
12706,H,ORTODONSIA,A,,A,051
12707,H,PROSTODONSIA,A,,A,052
12901,J,PROFESI DOKTER GIGI,A,,A,053
13001,A,ILMU KESEHATAN MASYARAKAT,A,,A,056
13011,A,ILMU GIZI,A,,A,
13021,A,EPIDEMIOLOGI,A,,A,
13101,B,ILMU KESEHATAN MASYARAKAT,A,,A,058
13111,B,ILMU GIZI,A,,A,
13121,B,EPIDEMIOLOGI,A,,A,
13122,B,KESEHATAN REPRODUKSI,A,,A,
13131,B,PROMOSI KESEHATAN,A,,A,
13141,B,KESEHATAN DAN KESELAMATAN KERJA,A,,A,
13151,B,KESEHATAN LINGKUNGAN,A,,A,
13161,B,ADMINISTRASI RUMAH SAKIT,A,,A,
13163,B,ADMINISTRASI KEBIJAKAN KESEHATAN,A,,A,
13201,C,KESEHATAN MASYARAKAT,A,,A,060
13211,C,ILMU GIZI,A,,A,
13241,C,KESEHATAN DAN KESELAMATAN KERJA,A,,A,
13251,C,KESEHATAN LINGKUNGAN,A,,A,
13261,C,ADMINISTRASI RUMAH SAKIT,A,,A,
13341,D,KESEHATAN DAN KESELAMATAN KERJA,A,,A,061
13353,D,ANALIS KESEHATAN,A,,A,062
13411,E,GIZI,A,,A,
13421,E,EPIDEMIOLOGI,A,,A,065
13431,E,PROMOSI DAN PERILAKU KESEHATAN,A,,A,066
13441,E,HIPERKES DAN KESELAMATAN KERJA,A,,A,069
13451,E,KESEHATAN LINGKUNGAN,A,,A,064
13452,E,ANALIS LINGKUNGAN,A,,A,068
13453,E,ANALIS KESEHATAN,A,,A,070
13461,E,ADMINISTRASI RUMAH SAKIT,A,,A,
13462,E,PEREKAM DAN INFORMASI KESEHATAN,A,,A,039
14001,A,ILMU KEPERAWATAN,A,,S,
14101,B,ILMU KEPERAWATAN,A,,A,071
14201,C,ILMU KEPERAWATAN,A,,A,072
14301,D,PERAWAT PENDIDIK,A,,A,073
14401,E,KEPERAWATAN,A,,A,074
14701,H,ILMU KEPERAWATAN,A,,A,
14901,J,NERS,A,,,
15101,B,KEBIDANAN,A,,A,
15201,C,KEBIDANAN,A,,A,
15301,D,BIDAN PENDIDIK,A,,A,075
15401,E,KEBIDANAN,A,,A,076
20001,A,ILMU TEKNIK ELEKTRO,B,,A,077
20002,A,OPTO ELEKTRONIKA LASER,B,,A,078
20101,B,TEKNIK ELEKTRO,B,,A,079
20102,B,OPTO ELEKTRONIKA LASER,B,,A,080
20103,B,INSTRUMENTASI DAN KONTROL,B,,A,
20201,C,TEKNIK ELEKTRO,B,,A,081
20301,D,TEKNIK ELEKTRONIKA,B,,A,082
20302,D,TEKNIK TELEKOMUNIKASI,B,,A,083
20303,D,TEKNIK LISTRIK,B,,A,084
20304,D,TEKNIK TELEKOMUNIKASI NIRKABEL,B,,A,
20401,E,TEKNIK ELEKTRONIKA,B,,A,085
20402,E,TEKNIK TELEKOMUNIKASI,B,,A,086
20403,E,TEKNIK LISTRIK,B,,A,087
20501,F,ELEKTRONIKA,B,,A,
20601,G,ELEKTRONIKA,B,,A,
20602,G,TELEKOMUNIKASI,B,,A,
20603,G,TEKNIK LISTRIK,B,,A,
21001,A,ILMU TEKNIK MESIN,B,,A,088
21101,B,TEKNIK MESIN,B,,A,089
21201,C,TEKNIK MESIN,B,,A,090
21301,D,TEKNIK MESIN PRODUKSI DAN PERAWATAN,B,,A,091
21303,D,TEKNIK OTOMOTIF ELEKTRONIK,B,,A,
21306,D,TEKNIK KONSERVASI KONVERSI ENERGI,B,,A,
21307,D,TEKNIK MANUFAKTUR,B,,,
21312,D,TEKNIK MEKATRONIKA,B,,A,
21401,E,TEKNIK MESIN,B,,A,092
21402,E,MESIN INDUSTRI,B,,A,093
21403,E,MESIN OTOMOTIF,B,,A,094
21404,E,MESIN PERKAKAS,B,,A,095
21405,E,TEKNIK PENDINGIN DAN TATA UDARA,B,,A,096
21406,E,TEKNIK KONVERSI ENERGI,B,,A,097
21407,E,TEKNIK MANUFAKTUR,B,,A,098
21408,E,PERAWATAN DAN PERBAIKAN MESIN,B,,A,099
21409,E,PERANCANGAN MEKANIK,B,,A,100
21410,E,PENGECORAN LOGAM,B,,A,101
21411,E,TEKNIK PERANCANGAN MANUFAKTUR,B,,A,102
21412,E,TEKNIK MEKATRONIKA,B,,A,103
21413,E,ALAT BERAT,B,,A,
21414,E,POLA PENGECORAN,B,,A,
21501,F,TEKNIK MESIN,B,,A,
21601,G,TEKNIK MESIN,B,,A,
22001,A,ILMU TEKNIK SIPIL,B,,A,104
22101,B,TEKNIK SIPIL,B,,A,105
22102,B,SISTEM DAN TEKNIK JALAN RAYA,B,,A,106
22201,C,TEKNIK SIPIL,B,,A,107
22301,D,PERANCANGAN JALAN DAN JEMBATAN,B,,A,108
22302,D,MANAJEMEN REKAYASA KONSTRUKSI,B,,A,
22303,D,TEKNIK PERUMAHAN DAN PEMUKIMAN,B,,A,
22304,D,TEKNIK BANGUNAN RAWA,B,,A,
22401,E,TEKNIK SIPIL,B,,A,109
22402,E,TEKNIK KONSTRUKSI SIPIL,B,,A,110
22403,E,TEKNIK KONSTRUKSI GEDUNG,B,,A,111
22404,E,TEKNIK SIPIL BANGUNAN AIR,B,,A,112
22405,E,TEKNIK SIPIL BANGUNAN TRANSPORTASI,B,,A,113
22406,E,TEKNIK JALAN RAYA,B,,A,114
22503,F,KONSTRUKSI GEDUNG,B,,A,
23001,A,ILMU ARSITEKTUR,B,,A,115
23101,B,ARSITEKTUR,B,,A,116
23201,C,ARSITEKTUR,B,,A,117
23401,E,ARSITEKTUR,B,,A,
23601,G,ARSITEKTUR,B,,A,
24001,A,ILMU TEKNIK KIMIA,B,,A,118
24101,B,TEKNIK KIMIA,B,,A,119
24201,C,TEKNIK KIMIA,B,,A,120
24301,D,TEKNOLOGI KIMIA INDUSTRI,B,,A,121
24401,E,TEKNIK KIMIA,B,,A,122
24402,E,ANALIS KIMIA,B,,A,123
24403,E,PETRO DAN OLEO KIMIA,B,,A,124
24404,E,TEKNIK INDUSTRI TEKSTIL,B,,A,125
24604,G,TEKNIK TEKSTIL,B,,A,
25001,A,ILMU TEKNIK LINGKUNGAN,B,,A,126
25101,B,TEKNIK LINGKUNGAN,B,,A,127
25102,B,ILMU LINGKUNGAN,B,,A,128
25103,B,TEKNIK AIR TANAH,B,,A,
25201,C,TEKNIK LINGKUNGAN,B,,A,129
25401,E,TEKNIK LINGKUNGAN,B,,A,
26001,A,TEKNIK INDUSTRI,B,,A,131
26101,B,TEKNIK INDUSTRI,B,,A,132
26201,C,TEKNIK INDUSTRI,B,,A,133
26302,D,TEKNIK MANAJEMEN PABRIK,B,,A,
26303,D,TEKNOLOGI MEKANIK INDUSTRI,B,,A,
26401,E,TEKNIK INDUSTRI,B,,A,134
26402,E,MANAJEMEN INDUSTRI,B,,A,135
27001,A,TEKNIK METALURGI,B,,A,
27101,B,TEKNIK METALURGI,B,,A,136
27201,C,TEKNIK METALURGI,B,,A,137
27401,E,METALURGI,B,,A,
28001,A,ILMU TEKNIK MATERIAL,B,,A,138
28101,B,TEKNIK MATERIAL,B,,A,139
28201,C,TEKNIK MATERIAL,B,,A,140
28401,E,MATERIAL,B,,A,
29001,A,ILMU TEKNIK GEODESI,B,,A,141
29101,B,TEKNIK GEODESI,B,,A,142
29201,C,TEKNIK GEODESI,B,,A,143
29401,E,TEKNIK GEODESI,B,,A,144
30001,A,ILMU FISIKA TEKNIK,B,,A,145
30101,B,FISIKA TEKNIK,B,,A,146
30201,C,FISIKA TEKNIK,B,,A,147
30401,E,FISIKA INSTRUMENTASI,B,,A,
31001,A,ILMU TEKNIK PERTAMBANGAN,B,,A,148
31101,B,TEKNIK PERTAMBANGAN,B,,A,149
31201,C,TEKNIK PERTAMBANGAN,B,,A,150
31401,E,TEKNIK PERTAMBANGAN,B,,A,151
32001,A,ILMU TEKNIK PERMINYAKAN,B,,A,152
32101,B,TEKNIK PERMINYAKAN,B,,A,153
32201,C,TEKNIK PERMINYAKAN,B,,A,154
32304,D,TEKNIK KESEHATAN DAN KESELAMATAN KERJA,B,,A,
32401,E,EKSPLORASI MINYAK DAN GAS,B,,A,155
32402,E,PENGOLAHAN MINYAK DAN GAS,B,,A,156
32403,E,LABORATORIUM MINYAK DAN GAS,B,,A,157
32404,E,KESELAMATAN KERJA DAN PENCEGAHAN KEBAKARAN,B,,A,158
32405,E,INSTRMENTASI DAN ELEKTRONIKA MIGAS,B,,A,
32604,G,FIRE AND SAFETY,B,,A,
33001,A,ILMU GEOFISIKA,B,,A,159
33101,B,TEKNIK GEOFISIKA,B,,A,160
33201,C,TEKNIK GEOFISIKA,B,,A,161
33202,C,METEOROLOGI,B,,A,162
34001,A,ILMU TEKNIK GEOLOGI,B,,A,163
34002,A,SAINS KEBUMIAN,B,,A,
34101,B,TEKNIK GEOLOGI,B,,A,164
34102,B,SAINS KEBUMIAN,B,,A,
34201,C,TEKNIK GEOLOGI,B,,A,165
34401,E,GEOLOGI TERAPAN,B,,A,166
35001,A,ILMU PERENCANAAN WILAYAH DAN KOTA,B,,A,167
35101,B,PERENCANAAN WILAYAH DAN KOTA,B,,A,168
35102,B,RANCANG KOTA,B,,A,
35201,C,PERENCANAAN WILAYAH DAN KOTA,B,,A,169
35401,E,SURVAI DAN PEMETAAN,B,,A,170
35601,G,SURVAI DAN PEMETAAN,B,,A,
36001,A,ILMU TEKNIK PERKAPALAN,B,,A,171
36101,B,TEKNIK PERKAPALAN,B,,A,172
36201,C,TEKNIK PERKAPALAN,B,,A,173
36202,C,TEKNIK SISTEM PERKAPALAN,B,,A,174
36401,E,TEKNIK PERANCANGAN DAN KONSTRUKSI KAPAL,B,,A,175
36402,E,TEKNIK PERMESINAN KAPAL,B,,A,176
36403,E,TEKNIK BANGUNAN KAPAL,B,,A,177
36404,E,TEKNIK KELISTRIKAN KAPAL,B,,A,178
37001,A,ILMU DAN REKAYASA NUKLIR,B,,A,179
37101,B,ILMU DAN REKAYASA NUKLIR,B,,A,180
37201,C,TEKNIK NUKLIR,B,,A,181
38001,A,ILMU TEKNIK KELAUTAN,B,,A,182
38101,B,TEKNIK KELAUTAN,B,,A,183
38201,C,TEKNIK KELAUTAN,B,,A,184
38401,E,TEKNIK KELAUTAN,B,,A,
39001,A,ILMU TRANSPORTASI,B,,A,185
39101,B,TRANSPORTASI,B,,A,186
39201,C,TRANSPORTASI,B,,A,
39301,D,TRANSPORTASI,B,,A,
39401,E,TRANSPORTASI,B,,A,
40001,A,ILMU TEKNIK PENERBANGAN,B,,A,188
40101,B,TEKNIK PENERBANGAN,B,,A,189
40201,C,TEKNIK PENERBANGAN,B,,A,190
40401,E,LISTRIK PESAWAT,B,,A,191
40402,E,AERONAUTIKA,B,,A,192
40403,E,RANGKA PESAWAT,B,,A,193
40404,E,MOTOR PESAWAT,B,,A,194
40405,E,AVIONIKA,B,,A,195
40406,E,TEKNIK & MANAJEMEN LOGISTIK PENERBANGAN,B,,A,
41001,A,ILMU TEKNIK PERTANIAN,B,,A,196
41011,A,TEKNOLOGI INDUSTRI PERTANIAN,B,,A,200
41021,A,ILMU DAN TEKNOLOGI PANGAN,B,,A,204
41031,A,TEKNOLOGI HASIL PERTANIAN,B,,A,
41101,B,TEKNIK PERTANIAN,B,,A,197
41111,B,TEKNOLOGI INDUSTRI PERTANIAN,B,,A,201
41121,B,ILMU DAN TEKNOLOGI PANGAN,B,,A,205
41131,B,TEKNOLOGI HASIL PERTANIAN,B,,A,
41133,B,TEKNOLOGI HASIL PERKEBUNAN,B,,A,
41201,C,TEKNIK PERTANIAN,B,,A,198
41211,C,TEKNOLOGI INDUSTRI PERTANIAN,B,,A,202
41221,C,TEKNOLOGI PANGAN,B,,A,206
41231,C,TEKNOLOGI HASIL PERTANIAN,B,,A,
41234,C,TEKNOLOGI PENGOLAHAN HASIL PERIKANAN,B,,A,
41311,D,TEKNOLOGI INDUSTRI PERTANIAN,B,,A,
41331,D,TEKNOLOGI PRODUKSI PERTANIAN,B,,A,
41333,D,TEKNOLOGI PENGOLAHAN HASIL PERKEBUNAN,B,,A,
41401,E,MESIN DAN PERALATAN PERTANIAN,B,,A,199
41402,E,TATA AIR PERTANIAN,B,,A,
41411,E,TEKNOLOGI INDUSTRI PERTANIAN,B,,A,203
41421,E,TEKNOLOGI PANGAN,B,,A,207
41431,E,TEKNOLOGI PRODUKSI PERTANIAN,B,,A,
41432,E,TEKNOLOGI PRODUKSI HORTIKULTURA,B,,A,
41433,E,TEKNOLOGI PRODUKSI PERKEBUNAN,B,,A,
41434,E,TEKNOLOGI PRODUKSI PERIKANAN,B,,A,
44001,A,ILMU MATEMATIKA DAN ILMU PENGETAHUAN ALAM,C,,A,209
44002,A,ILMU MATEMATIKA,C,,A,210
44101,B,MATEMATIKA,C,,A,211
44201,C,MATEMATIKA,C,,A,212
44401,E,MATEMATIKA,C,,A,213
44601,G,MATEMATIKA,C,,A,
45001,A,ILMU FISIKA,C,,A,214
45101,B,FISIKA,C,,A,215
45201,C,FISIKA,C,,A,216
45401,E,FISIKA,C,,A,217
46001,A,ILMU BIOLOGI,C,,A,218
46101,B,BIOLOGI,C,,A,219
46201,C,BIOLOGI,C,,A,220
46202,C,MIKROBIOLOGI,C,,A,
46401,E,BIOLOGI,C,,A,221
46601,G,LINGKUNGAN,C,,S,
47001,A,ILMU KIMIA,C,,A,222
47101,B,KIMIA,C,,A,223
47201,C,KIMIA,C,,A,224
47401,E,KIMIA,C,,A,225
48001,A,ILMU FARMASI,C,,A,226
48101,B,FARMASI,C,,A,227
48201,C,FARMASI,C,,A,228
48202,C,FARMASI KLINIK DAN KOMUNITAS,C,,A,
48401,E,FARMASI,C,,A,229
48402,E,ANALIS FARMASI DAN MAKANAN,C,,A,230
48701,H,FARMASI,C,,A,
48901,J,PROFESI APOTEKER,C,,A,
49001,A,ILMU STATISTIK,C,,A,231
49101,B,STATISTIKA,C,,A,232
49201,C,STATISTIKA,C,,A,233
49401,E,STATISTIKA,C,,A,234
50001,A,ILMU ASTRONOMI,C,,A,235
50101,B,ASTRONOMI,C,,A,236
50201,C,ASTRONOMI,C,,A,237
51001,A,ILMU GEOGRAFI,C,,A,238
51101,B,GEOGRAFI,C,,A,239
51111,B,PENGINDERAAN JAUH,C,,A,
51201,C,GEOGRAFI,C,,A,240
51211,C,KARTOGRAFI DAN PENGINDERAAN JAUH,C,,A,
51401,E,GEOGRAFI,C,,A,241
51411,E,PENGINDERAAN JAUH DAN SIG,C,,A,
54001,A,ILMU PERTANIAN,D,,A,242
54002,A,ILMU EKONOMI PERTANIAN,D,,A,
54003,A,PENYULUHAN DAN KOMUNIKASI PEMBANGUNAN PERTANIAN,D,,A,
54004,A,AGRONOMI,D,,A,
54005,A,ILMU TANAH,D,,A,
54010,A,AGROKLIMATOLOGI,D,,A,
54031,A,ILMU TERNAK,P,,A,257
54032,A,BIOLOGI REPRODUKSI,P,,A,
54041,A,ILMU KELAUTAN,O,,A,260
54042,A,MANAJEMEN SUMBER DAYA PERAIRAN,O,,A,
54043,A,ILMU PERAIRAN,O,,A,
54051,A,ILMU KEHUTANAN,R,,A,268
54101,B,AGRIBISNIS,D,,A,243
54102,B,EKONOMI PERTANIAN,D,,A,244
54103,B,PENYULUHAN DAN KOMUNIKASI PEMBANGUNAN PERTANIAN,D,,A,
54104,B,AGRONOMI,D,,A,
54105,B,ILMU TANAH,D,,A,
54106,B,ILMU HAMA DAN PENYAKIT TUMBUHAN,D,,A,
54107,B,PEMULIAAN TANAMAN DAN BIOTEKNOLOGI,D,,A,
54108,B,ILMU PERTANIAN,D,,A,
54110,B,AGROKLIMATOLOGI,D,,A,
54131,B,PETERNAKAN,P,,A,258
54132,B,BIOLOGI REPRODUKSI,P,,A,
54141,B,ILMU KELAUTAN,O,,A,261
54142,B,SUMBER DAYA PERAIRAN PESISIR DAN KELAUTAN,O,,A,
54143,B,BUDIDAYA PERAIRAN,O,,A,
54145,B,AGRIBISNIS PERIKANAN,O,,A,
54146,B,MANAJEMEN SUMBER DAYA PERAIRAN,O,,A,
54147,B,ILMU PERAIRAN,O,,A,
54151,B,ILMU KEHUTANAN,R,,A,269
54153,B,KONSERVASI SUMBER DAYA LAHAN,D,,A,
54157,B,MANAJEMEN PERKEBUNAN,D,,A,
54162,B,KESEHATAN MASYARAKAT VETERINER,P,,A,
54201,C,AGRIBISNIS,D,,A,245
54211,C,AGROTEKNOLOGI,D,,A,246
54231,C,PETERNAKAN,P,,A,259
54241,C,ILMU KELAUTAN,O,,A,262
54242,C,MANAJEMEN SUMBER DAYA PERAIRAN,O,,A,263
54243,C,BUDIDAYA PERAIRAN,O,,A,264
54244,C,TEKNOLOGI HASIL PERIKANAN,O,,A,265
54245,C,AGROBISNIS PERIKANAN,O,,A,266
54246,C,PEMANFAATAN SUMBER DAYA PERIKANAN,O,,A,267
54251,C,KEHUTANAN,R,,A,270
54261,C,PENDIDIKAN DOKTER HEWAN,P,,A,
54271,C,BUDIDAYA PERKEBUNAN,D,,A,
54312,D,TEKNOLOGI INDUSTRI HORTIKULTURA,D,,A,
54331,D,TEKNOLOGI PAKAN TERNAK,P,,A,
54357,D,MANAJEMEN PERKEBUNAN,D,,A,
54371,D,BUDIDAYA PERKEBUNAN,D,,A,
54401,E,SOSIAL EKONOMI PERTANIAN (AGROBISNIS),D,,A,247
54403,E,PENYULUHAN DAN KOMUNIKASI PERTANIAN,D,,A,249
54411,E,AGRONOMI,D,,A,250
54412,E,HORTIKULTURA,D,,A,251
54413,E,PEMULIAAN TANAMAN,D,,A,252
54414,E,ARSITEKTUR LANSEKAP,D,,A,253
54415,E,ILMU TANAH,D,,A,254
54416,E,BUDIDAYA PERTANIAN,D,,A,255
54417,E,HAMA DAN PENYAKIT TUMBUHAN,D,,A,256
54431,E,NUTRISI DAN MAKANAN TERNAK,P,,A,
54432,E,PRODUKSI TERNAK,P,,A,
54433,E,BUDIDAYA TERNAK,P,,A,
54434,E,TEKNOLOGI HASIL TERNAK,P,,A,
54435,E,SOSIAL EKONOMI PETERNAKAN,P,,A,
54442,E,SUMBER DAYA PERAIRAN,O,,A,
54443,E,BUDIDAYA PERAIRAN,O,,A,
54444,E,TEKNOLOGI HASIL PERIKANAN,O,,A,
54445,E,AGRIBISNIS PERIKANAN,O,,A,
54446,E,PEMANFAATAN SUMBER DAYA PERIKANAN,O,,A,
54451,E,TEKNOLOGI HASIL HUTAN,R,,A,271
54452,E,BUDIDAYA HUTAN,R,,A,272
54453,E,KONSERVASI SUMBER DAYA HUTAN,R,,A,273
54454,E,MANAJEMEN HUTAN,R,,A,
54457,E,MANAJEMEN PERKEBUNAN,D,,A,
54461,E,KESEHATAN HEWAN,P,,A,
54471,E,BUDIDAYA TANAMAN PERKEBUNAN,D,,A,
54533,F,AGRIBISNIS PETERNAKAN,P,,A,
54534,F,TEKNOLOGI HASIL TERNAK,P,,A,
54555,F,PENYULUHAN KEHUTANAN,R,,A,
54961,J,PROFESI DOKTER HEWAN,P,,A,
55001,A,ILMU KOMPUTER,E,,A,274
55101,B,TEKNIK INFORMATIKA,E,,A,275
55201,C,TEKNIK INFORMATIKA,E,,A,276
55301,D,TEKNIK INFORMATIKA,E,,A,277
55401,E,TEKNIK INFORMATIKA,E,,A,278
55601,G,TEKNIK INFORMATIKA,E,,A,
56101,B,SISTEM KOMPUTER,E,,A,279
56201,C,SISTEM KOMPUTER,E,,A,280
56301,D,TEKNIK KOMPUTER,E,,A,
56401,E,TEKNIK KOMPUTER,E,,A,281
56501,F,TEKNIK KOMPUTER,E,,A,
56601,G,TEKNIK KOMPUTER,E,,A,
57101,B,SISTEM INFORMASI,E,,A,282
57201,C,SISTEM INFORMASI,E,,A,283
57301,D,MANAJEMEN INFORMATIKA,E,,S,284
57302,D,KOMPUTERISASI AKUNTANSI,E,,S,285
57401,E,MANAJEMEN INFORMATIKA,E,,S,286
57402,E,KOMPUTERISASI AKUNTANSI,E,,S,287
57501,F,MANAJEMEN INFORMATIKA,E,,S,
57502,F,KOMPUTERISASI AKUNTANSI,E,,S,
57601,G,MANAJEMEN INFORMATIKA,E,,S,
57602,G,KOMPUTERISASI AKUNTANSI,E,,S,
60001,A,ILMU EKONOMI,F,,S,288
60101,B,ILMU EKONOMI,F,,S,289
60201,C,EKONOMI PEMBANGUNAN,F,,S,290
61001,A,ILMU MANAJEMEN,F,,S,291
61101,B,MANAJEMEN,F,,S,292
61201,C,MANAJEMEN,F,,S,293
61304,D,MANAJEMEN PEMASARAN,F,,S,
61306,D,KEUANGAN DAN PERBANKAN,F,,S,
61307,D,MANAJEMEN ASET,F,,S,
61401,E,MANAJEMEN ADMINISTRASI,F,,S,294
61402,E,MANAJEMEN PERDAGANGAN,F,,S,295
61403,E,MANAJEMEN PERPAJAKAN,F,,S,296
61404,E,MANAJEMEN PEMASARAN,F,,S,297
61405,E,MANAJEMEN PERUSAHAAN,F,,S,298
61406,E,KEUANGAN DAN PERBANKAN,F,,S,299
61407,E,MANAJEMEN TRANSPORTASI LAUT,F,,S,
61408,E,MANAJEMEN TRANSPORTASI UDARA,F,,S,
61501,F,MANAJEMEN ADMINISTRASI,F,,S,
61504,F,MANAJEMEN PEMASARAN,F,,S,
61505,F,MANAJEMEN PERUSAHAAN,F,,S,
61506,F,KEUANGAN DAN PERBANKAN,F,,S,
61601,G,MANAJEMEN ADMINISTRASI,F,,S,
61602,G,MANAJEMEN PERDAGANGAN,F,,S,
61603,G,MANAJEMEN PERPAJAKAN,F,,S,
61604,G,MANAJEMEN PEMASARAN,F,,S,
61605,G,MANAJEMEN PERUSAHAAN,F,,S,
61606,G,KEUANGAN DAN PERBANKAN,F,,S,
62001,A,ILMU AKUNTANSI,F,,S,300
62101,B,AKUNTANSI,F,,S,301
62201,C,AKUNTANSI,F,,S,303
62301,D,AKUNTANSI,F,,S,
62401,E,AKUNTANSI,F,,S,304
62501,F,AKUNTANSI,F,,S,
62601,G,AKUNTANSI,F,,S,
62901,J,PROFESI AKUNTAN,F,,S,302
63001,A,ILMU ADMINISTRASI,G,,S,306
63101,B,ILMU ADMINISTRASI NEGARA,G,,S,307
63111,B,ILMU ADMINISTRASI NIAGA,G,,S,
63201,C,ILMU ADMINISTRASI NEGARA,G,,S,308
63211,C,ILMU ADMINISTRASI NIAGA,G,,S,309
63221,C,ILMU ADMINISTRASI PERPAJAKAN,G,,S,
63301,D,ADMINISTRASI NEGARA,G,,S,
63311,D,ADMINISTRASI BISNIS,G,,S,
63312,D,KESEKRETARIATAN,G,,S,
63401,E,ADMINISTRASI NEGARA,G,,S,310
63411,E,ADMINISTRASI BISNIS,G,,S,311
63412,E,SEKRETARI,G,,S,312
63413,E,ADMINISTRASI KEUANGAN,G,,S,
63414,E,ADMINISTRASI LOGISTIK,G,,S,
63421,E,ADMINISTRASI PERPAJAKAN,G,,S,
63501,F,ADMINISTRASI NEGARA,G,,S,
63511,F,ADMINISTRASI NIAGA,G,,S,
63512,F,KESEKRETARIATAN,G,,S,
63521,F,PERPAJAKAN,G,,S,
63611,G,ADMINISTRASI BISNIS,G,,S,
63612,G,SEKRETARI,G,,S,
63621,G,PERPAJAKAN,G,,S,
64101,B,ILMU HUBUNGAN INTERNASIONAL,G,,S,313
64201,C,HUBUNGAN INTERNASIONAL,G,,S,314
64401,E,HUBUNGAN INTERNASIONAL,G,,S,
65001,A,ILMU PEMERINTAHAN,G,,S,315
65101,B,ILMU PEMERINTAHAN,G,,S,316
65201,C,ILMU PEMERINTAHAN,G,,S,317
65301,D,ADMINISTRASI PEMERINTAHAN,G,,S,
65401,E,ADMINISTRASI PEMERINTAHAN,G,,S,318
66001,A,KRIMINOLOGI,G,,S,
66101,B,KRIMINOLOGI,G,,S,319
66201,C,KRIMINOLOGI,G,,S,320
67001,A,ILMU POLITIK,G,,S,321
67101,B,ILMU POLITIK,G,,S,322
67201,C,ILMU POLITIK,G,,S,323
68001,A,ILMU SOSIAL,G,,S,324
68101,B,ILMU SOSIAL,G,,S,325
68201,C,ILMU SOSIATRI,G,,S,326
68401,E,PEMBANGUNAN MASYARAKAT DESA,G,,S,
69001,A,ILMU SOSIOLOGI,G,,S,327
69101,B,SOSIOLOGI,G,,S,328
69201,C,SOSIOLOGI,G,,S,329
70001,A,ILMU KOMUNIKASI,G,,S,330
70101,B,ILMU KOMUNIKASI,G,,S,331
70201,C,ILMU KOMUNIKASI,G,,S,332
70302,D,JURNALISTIK,G,,S,
70401,E,HUBUNGAN MASYARAKAT,G,,S,333
70402,E,JURNALISTIK,G,,S,334
70403,E,KOMUNIKASI MASSA,G,,S,335
70404,E,PERIKLANAN,G,,S,
70405,E,PENYIARAN,G,,S,
71101,B,ILMU PERPUSTAKAAN,G,,S,336
71201,C,ILMU PERPUSTAKAAN,G,,S,337
71302,D,KEARSIPAN,G,,S,
71401,E,PERPUSTAKAAN,G,,S,338
71402,E,KEARSIPAN,G,,S,339
71501,F,PERPUSTAKAAN,G,,S,
72001,A,ILMU KESEJAHTERAAN SOSIAL,G,,S,
72101,B,ILMU KESEJAHTERAAN SOSIAL,G,,S,340
72201,C,ILMU KESEJAHTERAAN SOSIAL,G,,S,341
72401,E,PEKERJA SOSIAL,G,,S,342
73001,A,ILMU PSIKOLOGI,H,,S,343
73101,B,PSIKOLOGI,H,,S,344
73201,C,PSIKOLOGI,H,,S,345
74001,A,ILMU HUKUM,I,,S,346
74101,B,ILMU HUKUM,I,,S,347
74102,B,KENOTARIATAN,I,,S,348
74201,C,ILMU HUKUM,I,,S,349
74401,E,ADMINISTRASI PERADILAN,I,,S,350
75001,A,ILMU FILSAFAT,J,,S,351
75101,B,ILMU FILSAFAT,J,,S,352
75201,C,ILMU FILSAFAT,J,,S,353
75401,E,FILSAFAT TEOLOGI,J,,S,
76001,A,ILMU RELIGI,J,,S,354
76101,B,ILMU RELIGI,J,,S,355
76201,C,ILMU RELIGI,J,,S,356
77001,A,ILMU TEOLOGI,J,,S,357
77101,B,ILMU TEOLOGI,J,,S,358
77201,C,ILMU TEOLOGI,J,,S,359
79001,A,ILMU SUSASTRA,K,,S,360
79002,A,ILMU LINGUISTIK,K,,S,362
79101,B,ILMU SUSASTRA,K,,S,361
79102,B,ILMU LINGUISTIK,K,,S,363
79103,B,BAHASA INGGRIS,K,,S,
79201,C,SASTRA INDONESIA,K,,S,364
79202,C,SASTRA INGGRIS,K,,S,365
79203,C,SASTRA ARAB,K,,S,366
79204,C,SASTRA JEPANG,K,,S,367
79205,C,SASTRA PERANCIS,K,,S,368
79206,C,SASTRA JERMAN,K,,S,369
79207,C,SASTRA RUSIA,K,,S,370
79208,C,SASTRA BELANDA,K,,S,371
79209,C,SASTRA CINA,K,,S,372
79210,C,SASTRA KOREA,K,,S,373
79211,C,SASTRA DAERAH,K,,S,374
79401,E,BAHASA INDONESIA,K,,S,375
79402,E,BAHASA INGGRIS,K,,S,376
79403,E,BAHASA ARAB,K,,S,377
79404,E,BAHASA JEPANG,K,,S,378
79405,E,BAHASA PERANCIS,K,,S,379
79406,E,BAHASA JERMAN,K,,S,380
79407,E,BAHASA RUSIA,K,,S,381
79408,E,BAHASA BELANDA,K,,S,382
79409,E,BAHASA MANDARIN,K,,S,383
79410,E,BAHASA KOREA,K,,S,
79502,F,BAHASA INGGRIS,K,,S,
79602,G,BAHASA INGGRIS,K,,S,
79604,G,BAHASA JEPANG,K,,S,
79608,G,BAHASA BELANDA,K,,S,
80001,A,ILMU SEJARAH,K,,S,384
80101,B,ILMU SEJARAH,K,,S,385
80201,C,ILMU SEJARAH,K,,S,386
81001,A,ILMU ARKEOLOGI,K,,S,387
81101,B,ILMU ARKEOLOGI,K,,S,388
81201,C,ILMU ARKEOLOGI,K,,S,389
82001,A,ILMU ANTROPOLOGI,K,,S,390
82101,B,ANTROPOLOGI,K,,S,391
82201,C,ANTROPOLOGI SOSIAL,K,,S,392
83001,A,PENDIDIKAN TEKNOLOGI DAN KEJURUAN,L,Y,S,393
83101,B,PENDIDIKAN TEKNOLOGI DAN KEJURUAN,L,Y,S,394
83201,C,PENDIDIKAN TEKNIK ELEKTRO,L,Y,S,395
83202,C,PENDIDIKAN TEKNIK ELEKTRONIKA,L,Y,S,396
83203,C,PENDIDIKAN TEKNIK MESIN,L,Y,S,397
83204,C,PENDIDIKAN TEKNIK OTOMOTIF,L,Y,S,398
83205,C,PENDIDIKAN TEKNIK BANGUNAN,L,Y,S,399
83206,C,PENDIDIKAN KESEJAHTERAAN KELUARGA,L,Y,S,400
83207,C,PENDIDIKAN TEKNIK INFORMATIKA,L,Y,S,
83211,C,PENDIDIKAN TATA BOGA,L,Y,S,
83212,C,PENDIDIKAN TATA BUSANA,L,Y,S,
83213,C,PENDIDIKAN TATA RIAS,L,Y,S,
83313,D,PENDIDIKAN TATA RIAS,L,Y,S,
84001,A,PENDIDIKAN MIPA,L,Y,A,401
84002,A,PENDIDIKAN MATEMATIKA,L,Y,A,
84005,A,PENDIDIKAN BIOLOGI,L,Y,A,
84101,B,PENDIDIKAN IPA,L,Y,A,402
84102,B,PENDIDIKAN MATEMATIKA,L,Y,A,404
84103,B,PENDIDIKAN FISIKA,L,Y,A,406
84104,B,PENDIDIKAN KIMIA,L,Y,A,408
84105,B,PENDIDIKAN BIOLOGI,L,Y,A,410
84201,C,PENDIDIKAN IPA,L,Y,A,403
84202,C,PENDIDIKAN MATEMATIKA,L,Y,A,405
84203,C,PENDIDIKAN FISIKA,L,Y,A,407
84204,C,PENDIDIKAN KIMIA,L,Y,A,409
84205,C,PENDIDIKAN BIOLOGI,L,Y,A,411
84402,E,PENDIDIKAN MATEMATIKA,L,Y,A,
84403,E,PENDIDIKAN FISIKA,L,Y,A,
84405,E,PENDIDIKAN BIOLOGI,L,Y,A,
85001,A,PENDIDIKAN OLAHRAGA,L,Y,A,412
85101,B,PENDIDIKAN OLAHRAGA,L,Y,A,413
"85201,C,""PENDIDIKAN JASMANI, KESEHATAN DAN REKREASI"",L,Y,A,414"
85202,C,PENDIDIKAN KEPELATIHAN OLAHRAGA,L,Y,A,415
"85401,E,""PENDIDIKAN JASMANI, KESEHATAN DAN REKREASI"",L,Y,A,"
85501,F,PENDIDIKAN GURU PENJASKESREK,L,Y,A,
86001,A,ILMU PENDIDIKAN,L,,S,416
86003,A,TEKNOLOGI PENDIDIKAN,L,,S,
86004,A,ADMINISTRASI PENDIDIKAN,L,,S,
86005,A,PENDIDIKAN LUAR SEKOLAH,L,,S,
86011,A,PSIKOLOGI PENDIDIKAN,L,,S,
86020,A,PENELITAN DAN EVALUASI PENDIDIKAN,L,,S,
86021,A,PENGEMBANGAN KURIKULUM,L,,S,
86101,B,BIMBINGAN KONSELING,L,,S,419
86102,B,PENDIDIKAN LUAR BIASA,L,,S,421
86103,B,TEKNOLOGI PENDIDIKAN,L,,S,423
86104,B,ADMINISTRASI PENDIDIKAN,L,,S,425
86105,B,PENDIDIKAN LUAR SEKOLAH,L,Y,S,427
86106,B,PENDIDIKAN GURU SEKOLAH DASAR,L,Y,S,429
86107,B,PENDIDIKAN GURU PENDIDIKAN ANAK USIA DINI,L,Y,S,431
86108,B,PENDIDIKAN GURU AGAMA,L,Y,S,433
86120,B,PENELITIAN DAN EVALUASI PENDIDIKAN,L,,S,417
86121,B,PENGEMBANGAN KURIKULUM,L,,S,418
86122,B,PENDIDIKAN DASAR,L,Y,S,
86201,C,BIMBINGAN KONSELING,L,,S,420
86202,C,PENDIDIKAN LUAR BIASA,L,Y,S,422
86203,C,TEKNOLOGI PENDIDIKAN,L,,S,424
86204,C,ADMINISTRASI PENDIDIKAN,L,,S,426
86205,C,PENDIDIKAN LUAR SEKOLAH,L,Y,S,428
86206,C,PENDIDIKAN GURU SEKOLAH DASAR,L,Y,S,430
86207,C,PENDIDIKAN GURU PENDIDIKAN ANAK USIA DINI,L,Y,S,432
86208,C,PENDIDIKAN GURU AGAMA,L,Y,S,434
86209,C,PJJ PENDIDIKAN GURU SEKOLAH DASAR,L,Y,S,
86408,E,PENDIDIKAN GURU AGAMA,L,Y,S,
86506,F,PENDIDIKAN GURU SEKOLAH DASAR,L,Y,S,
86507,F,PENDIDIKAN GURU TAMAN KANAK-KANAK,L,Y,S,
87001,A,PENDIDIKAN IPS,L,Y,S,435
87003,A,PENDIDIKAN EKONOMI,L,Y,S,
87101,B,PENDIDIKAN SEJARAH,L,Y,S,437
87102,B,PENDIDIKAN GEOGRAFI,L,Y,S,439
87103,B,PENDIDIKAN EKONOMI,L,Y,S,441
87104,B,PENDIDIKAN SOSIOLOGI,L,Y,S,443
87120,B,PENDIDIKAN IPS,L,Y,S,436
87201,C,PENDIDIKAN SEJARAH,L,Y,S,438
87202,C,PENDIDIKAN GEOGRAFI,L,Y,S,440
87203,C,PENDIDIKAN EKONOMI,L,Y,S,442
87204,C,PENDIDIKAN SOSIOLOGI,L,Y,S,444
87205,C,PENDIDIKAN PANCASILA DAN KEWARGANEGARAAN,L,Y,S,445
87220,C,PENDIDIKAN IPS,L,Y,S,
87402,E,PENDIDIKAN GEOGRAFI,L,Y,S,
87403,E,PENDIDIKAN EKONOMI,L,Y,S,
88001,A,ILMU PENDIDIKAN BAHASA,L,Y,S,446
88003,A,PENDIDIKAN BAHASA INGGRIS,L,Y,S,
88101,B,PENDIDIKAN BAHASA DAN SASTRA INDONESIA,L,Y,S,447
88102,B,PENDIDIKAN BAHASA DAN SASTRA DAERAH,L,Y,S,449
88103,B,PENDIDIKAN BAHASA INGGRIS,L,Y,S,451
88104,B,PENDIDIKAN BAHASA ARAB,L,Y,S,453
88105,B,PENDIDIKAN BAHASA JEPANG,L,Y,S,455
88106,B,PENDIDIKAN BAHASA PERANCIS,L,Y,S,457
88107,B,PENDIDIKAN BAHASA JERMAN,L,Y,S,459
88108,B,PENDIDIKAN BAHASA MANDARIN,L,Y,S,461
"88109,B,""PENDIDIKAN SENI DRAMA, TARI DAN MUSIK"",L,Y,S,463"
88110,B,PENDIDIKAN SENI RUPA,L,Y,S,465
88111,B,PENDIDIKAN BAHASA,L,Y,S,
88201,C,PENDIDIKAN BAHASA DAN SASTRA INDONESIA,L,Y,S,448
88202,C,PENDIDIKAN BAHASA DAN SASTRA DAERAH,L,Y,S,450
88203,C,PENDIDIKAN BAHASA INGGRIS,L,Y,S,452
88204,C,PENDIDIKAN BAHASA ARAB,L,Y,S,454
88205,C,PENDIDIKAN BAHASA JEPANG,L,Y,S,456
88206,C,PENDIDIKAN BAHASA PERANCIS,L,Y,S,458
88207,C,PENDIDIKAN BAHASA JERMAN,L,Y,S,460
88208,C,PENDIDIKAN BAHASA MANDARIN,L,Y,S,462
"88209,C,""PENDIDIKAN SENI DRAMA, TARI DAN MUSIK"",L,Y,S,464"
88210,C,PENDIDIKAN SENI RUPA,L,Y,S,466
88401,E,PENDIDIKAN BAHASA DAN SASTRA INDONESIA,L,Y,S,
88403,E,PENDIDIKAN BAHASA INGGRIS,L,Y,S,
88405,E,PENDIDIKAN BAHASA JEPANG,L,Y,S,
88501,F,PENDIDIKAN BAHASA DAN SASTRA INDONESIA,L,Y,S,
89001,A,ILMU KEOLAHRAGAAN,L,,S,467
89101,B,ILMU KEOLAHRAGAAN,L,,S,468
89201,C,ILMU KEOLAHRAGAAN,L,,S,469
90001,A,SENI RUPA,M,,S,470
90101,B,SENI RUPA,M,,S,471
90102,B,DESAIN,M,,S,481
90131,B,DESAIN PRODUK,M,,S,
90201,C,SENI RUPA MURNI,M,,S,472
90211,C,KRIYA SENI,M,,S,474
90221,C,DESAIN INTERIOR,M,,S,482
90231,C,DESAIN PRODUK,M,,S,484
90241,C,DESAIN KOMUNIKASI VISUAL,M,,S,486
90242,C,DESAIN GRAFIS,M,,S,488
90331,D,DESAIN PRODUK,G,,S,
90342,D,DESAIN GRAFIS,M,,S,
90343,D,KOMPUTER MULTIMEDIA,M,,S,
90344,D,TEKNIK GRAFIKA,M,,S,
90401,E,SENI RUPA,M,,S,473
90411,E,KRIYA KAIN,M,,S,475
90412,E,KRIYA KAYU,M,,S,476
90413,E,KRIYA KERAMIK,M,,S,477
90414,E,KRIYA LOGAM,M,,S,478
90415,E,KRIYA KULIT,M,,S,479
90416,E,KRIYA PERHIASAN,M,,S,480
90417,E,KRIYA SENI,M,,S,
90421,E,DESAIN INTERIOR,M,,S,483
90431,E,DESAIN PRODUK,M,,S,485
90441,E,DESAIN KOMUNIKASI VISUAL,M,,S,487
90442,E,DESAIN GRAFIS,M,,S,489
90443,E,KOMPUTER MULTIMEDIA,M,,S,
90444,E,TEKNIK GRAFIKA,M,,S,
90501,F,SENI RUPA,M,,S,
90541,F,DESAIN KOMUNIKASI VISUAL,M,,S,
90621,G,DESAIN INTERIOR,M,,S,
90641,G,DESAIN KOMUNIKASI VISUAL,M,,S,
91001,A,PENCIPTAAN DAN PENGKAJIAN SENI,M,,S,
91101,B,PENCIPTAAN DAN PENGKAJIAN SENI,M,,S,490
91201,C,ETNOMUSIKOLOGI,M,,S,491
91202,C,ANTROPOLOGI TARI,M,,S,492
91211,C,SENI KARAWITAN,M,,S,493
91221,C,SENI MUSIK,M,,S,495
91231,C,SENI TARI,M,,S,497
91241,C,SENI PEDALANGAN,M,,S,499
91251,C,SENI TEATER,M,,S,501
91261,C,TELEVISI DAN FILM,M,,S,503
91271,C,FOTOGRAFI,M,,S,505
91281,C,RADIO,M,,S,507
91411,E,SENI KARAWITAN,M,,S,494
91421,E,SENI MUSIK,M,,S,496
91431,E,SENI TARI,M,,S,498
91441,E,SENI PEDALANGAN,M,,S,500
91451,E,SENI TEATER,M,,S,502
91461,E,TELEVISI,M,,S,504
91462,E,FILM,M,,S,
91471,E,FOTOGRAFI,M,,S,506
91481,E,RADIO,M,,S,508
91511,F,SENI KARAWITAN,M,,S,
91531,F,PENATA TARI,M,,S,
91661,G,FILM DAN TELEVISI,M,,S,
92201,C,KETATALAKSANAAN PELAYARAN NIAGA DAN KEPELABUHAN,N,,S,
92301,D,KETATALAKSANAAN PELAYARAN NIAGA DAN KEPELABUHAN,N,,S,509
92401,E,KETATALAKSANAAN PELAYARAN NIAGA DAN KEPELABUHAN,N,,S,510
92402,E,TEKNIKA,N,,S,511
92403,E,NAUTIKA,N,,S,512
93201,C,USAHA PERJALANAN WISATA,N,,S,
93202,C,PERHOTELAN DAN PARIWISATA,N,,S,
93301,D,USAHA PERJALANAN WISATA,N,,S,513
93302,D,PERHOTELAN,N,,S,514
93303,D,PARIWISATA,N,,S,
93401,E,USAHA PERJALANAN WISATA,N,,S,515
93402,E,PERHOTELAN,N,,S,516
93403,E,PARIWISATA,N,,S,
93501,F,PEMANDU WISATA,N,,S,
93502,F,PERHOTELAN,N,,S,
93503,F,DIVISI KAMAR,N,,S,
93601,G,PEMANDU WISATA,N,,S,
93602,G,PERHOTELAN,N,,S,
93603,G,DIVISI KAMAR,N,,S,
94101,B,AKTUARIA,N,,S,
94401,E,ASURANSI JIWA,N,,S,517
94402,E,ASURANSI KESEHATAN,N,,S,518
94403,E,ASURANSI KERUGIAN,N,,S,519
94404,E,TERAPI WICARA,N,,S,520
94405,E,TATA BUSANA,N,,S,521
94406,E,TATA BOGA,N,,S,522
94407,E,TATA GRIYA,N,,S,523
94408,E,TATA RIAS,N,,S,524
94409,E,ADMINISTRASI ASURANSI DAN AKTUARIA,N,,S,
94505,F,TATA BUSANA,N,,S,
94506,F,TATA HIDANGAN,N,,S,
94507,F,TATA BOGA,N,,S,
94508,F,TATA RIAS,N,,S,
94605,G,TATA BUSANA,N,,S,
94606,G,TATA HIDANGAN,N,,S,
94607,G,TATA BOGA,N,,S,
94608,G,TATA RIAS,N,,S,
94609,G,GROUND HANDLING,N,,S,
94610,G,PRAMUGARI-PRAMUGARA,N,,S,
94611,G,CARGO UDARA,N,,S,
95001,A,ILMU PENGELOLAAN SUMBER DAYA ALAM DAN LINGKUNGA,N,,S,
95002,A,KAJIAN KEPENDUDUKAN DAN KETENAGAKERJAAN,N,,S,
95003,A,ILMU PERENC PEMBANGUNAN WILAYAH DAN PEDESAAN,N,,S,
95027,A,KAJIAN BUDAYA,N,,S,
95029,A,KAJIAN ILMU LINGKUNGAN,N,,S,
95031,A,ILMU-ILMU HUMANIORA,N,,S,
95101,B,ILMU PENGELOLAAN SUMBER DAYA ALAM DAN LINGKUNGA,N,,S,
95102,B,KAJIAN KEPENDUDUKAN DAN KETENAGAKERJAAN,N,,S,
95103,B,ILMU PERENC PEMBANGUNAN WILAYAH DAN PEDESAAN,N,,S,
95104,B,KAJIAN PARIWISATA,N,,S,
95105,B,ADMINISTRASI PEMBANGUNAN,N,,S,
95106,B,PENGEMBANGAN SUMBER DAYA MANUSIA,N,,S,
95107,B,STUDI KEBIJAKAN,N,,S,
95120,B,KAJIAN ILMU KEPOLISIAN,N,,S,
95121,B,KAJIAN WILAYAH AMERIKA,N,,S,
95122,B,KAJIAN WILAYAH JEPANG,N,,S,
95123,B,KAJIAN WILAYAH EROPA,N,,S,
95124,B,KAJIAN TIMUR TENGAH DAN ISLAM,N,,S,
95125,B,KAJIAN PENGEMBANGAN PERKOTAAN,N,,S,
95126,B,KAJIAN WANITA,N,,S,
95127,B,KAJIAN BUDAYA,N,,S,
95128,B,KAJIAN KETAHANAN NASIONAL,N,,S,
95129,B,KAJIAN ILMU LINGKUNGAN,N,,S,
95130,B,JENDER DAN PEMBANGUNAN,N,,S,
95203,C,PEMBANGUNAN WILAYAH,N,,S,
95403,E,PERENCANAAN DAN MONITORING PEMBANGUNAN,N,,S,
EKI,C,EKONOMI ISLAM,,,,
